{
  "min_latitude": 35.7437935,
  "min_longitude": 51.3005066,
  "max_latitude": 35.7472916,
  "max_longitude": 51.3155823,
  "zoom": 14.568499456622654
}